{
    "мошеничество": {
        "цена": 0.2461641183,
        "тыс": 0.2461641183,
        "модель": 0.2114086043,
        "перекуп": 0.1585564532,
        "поэтому": 0.140061881,
        "дешёвый": 0.140061881,
        "телефон": 0.1352586142,
        "авить": 0.1257163763,
        "коробочка": 0.1230820592,
        "начаться": 0.1230820592,
        "слот": 0.1230820592,
        "фейк": 0.1230820592,
        "дубль": 0.1230820592,
        "полоса": 0.1230820592,
        "объявление": 0.1230820592,
        "падение": 0.1230820592,
        "китаец": 0.1230820592,
        "топовый": 0.1230820592,
        "вообще": 0.1139952455,
        "китайский": 0.1057043021,
        "парень": 0.1057043021,
        "девушка": 0.1057043021,
        "решить": 0.0955006732,
        "фото": 0.0933745873,
        "опыт": 0.0933745873,
        "подумать": 0.0933745873,
        "сам": 0.0933745873,
        "приехать": 0.0838109175,
        "год": 0.0838109175,
        "купить": 0.0838109175
    },

    "технологии": {
        "сообщение": 0.4482289257,
        "функция": 0.443516705,
        "отчёт": 0.2241144629,
        "смочь": 0.2217583525,
        "приложение": 0.2217583525,
        "услышать": 0.1799929931,
        "увидеть": 0.1799929931,
        "уведомление": 0.1799929931,
        "настройка": 0.1799929931,
        "включить": 0.1799929931,
        "использовать": 0.1108791762,
        "реализовать": 0.0899964965,
        "владелец": 0.0899964965,
        "объявлять": 0.0899964965,
        "общедоступный": 0.0899964965,
        "удобный": 0.0899964965,
        "кнопка": 0.0899964965,
        "говориться": 0.0899964965,
        "тестовый": 0.0899964965,
        "зачитываться": 0.0899964965,
        "давно": 0.0899964965,
        "написать": 0.0899964965,
        "наличие": 0.0899964965,
        "развернуть": 0.0899964965,
        "предложить": 0.0899964965,
        "заблокировать": 0.0899964965,
        "эксклюзивный": 0.0899964965,
        "зачитывание": 0.0899964965,
        "звук": 0.0899964965,
        "ответить": 0.0899964965
    },

    "Глупые пользователи": {
        "звук": 0.2869665082,
        "чехол": 0.2869665082,
        "фото": 0.2152248811,
        "телефон": 0.181959869,
        "дать": 0.1803752476,
        "делать": 0.1793540676,
        "мочь": 0.1503127063,
        "дура": 0.1434832541,
        "понимать": 0.1434832541,
        "машина": 0.1434832541,
        "динамик": 0.1434832541,
        "думать": 0.1434832541,
        "который": 0.1297075326,
        "время": 0.1202501651,
        "облако": 0.1076124406,
        "этот": 0.1076124406,
        "мозг": 0.1076124406,
        "разбирать": 0.1076124406,
        "право": 0.1076124406,
        "сделать": 0.1076124406,
        "объяснить": 0.1076124406,
        "смотреть": 0.1076124406,
        "проблема": 0.0901876238,
        "вид": 0.0901876238,
        "день": 0.0901876238,
        "говорить": 0.0778245195,
        "видеть": 0.0778245195,
        "смочь": 0.071741627,
        "снимать": 0.071741627,
        "добрый": 0.071741627

    },
    "критика": {
        "год": 0.2283277555,
        "камера": 0.1828099033,
        "дуров": 0.181416435,
        "громоздкий": 0.181416435,
        "павел": 0.181416435,
        "включать": 0.181416435,
        "модель": 0.1650382468,
        "корпус": 0.1550681642,
        "продажа": 0.1550681642,
        "невероятно": 0.1550681642,
        "который": 0.0913311022,
        "смартфон": 0.0913311022,
        "вконтакте": 0.0907082175,
        "начало": 0.0907082175,
        "поставить": 0.0907082175,
        "тенденция": 0.0907082175,
        "усовершенствовать": 0.0907082175,
        "боковой": 0.0907082175,
        "упасть": 0.0907082175,
        "раздутый": 0.0907082175,
        "критика": 0.0907082175,
        "грань": 0.0907082175,
        "обрушиться": 0.0907082175,
        "ужасный": 0.0907082175,
        "главный": 0.0907082175,
        "защитный": 0.0907082175,
        "поступить": 0.0907082175,
        "прочный": 0.0907082175,
        "незначительный": 0.0907082175,
        "выразить": 0.0907082175
    },
    "ремонт": {
        "пользоваться": 0.2943845286,
        "сенсор": 0.2943845286,
        "работать": 0.1971527497,
        "ещё": 0.1962563524,
        "подсветка": 0.1962563524,
        "год": 0.1962563524,
        "новый": 0.1583383894,
        "такой": 0.1105674056,
        "зависимость": 0.0981281762,
        "пропадать": 0.0981281762,
        "пролежать": 0.0981281762,
        "некрофилия": 0.0981281762,
        "первый": 0.0981281762,
        "её": 0.0981281762,
        "залить": 0.0981281762,
        "микрохема": 0.0981281762,
        "тот": 0.0981281762,
        "серый": 0.0981281762,
        "треснуть": 0.0981281762,
        "периодически": 0.0981281762,
        "добрый": 0.0981281762,
        "зажраться": 0.0981281762,
        "просесть": 0.0981281762,
        "замыкание": 0.0981281762,
        "пятак": 0.0981281762,
        "редко": 0.0981281762,
        "липа": 0.0981281762,
        "край": 0.0981281762,
        "развеять": 0.0981281762,
        "облачный": 0.0981281762
    }
}