{
    "мошенничество": {
        "тыс": 0.2920414329,
        "перекуп": 0.1918472509,
        "модель": 0.1559451659,
        "авить": 0.1559121905,
        "фейк": 0.1460207164,
        "коробочка": 0.1354197047,
        "дубль": 0.1354197047,
        "цена": 0.1341015317,
        "дешёвый": 0.132860392,
        "телефон": 0.1215282498,
        "парень": 0.1172971555,
        "объявление": 0.1172971555,
        "слот": 0.1172971555,
        "вообще": 0.1141563991,
        "китаец": 0.1132668379,
        "полоса": 0.1132668379,
        "топовый": 0.1132668379,
        "падение": 0.109775618,
        "поэтому": 0.107918205,
        "опыт": 0.1039414603,
        "девушка": 0.1014495459,
        "приехать": 0.0970818648,
        "начаться": 0.0970818648,
        "подумать": 0.0933404486,
        "китайский": 0.0916530688,
        "фото": 0.0871599903,
        "узнать": 0.0858189111,
        "решить": 0.0843570751,
        "трутон": 0.0730103582,
        "ммм": 0.0730103582
    },
    "технологии": {
        "функция": 0.5204508383,
        "сообщение": 0.4627913313,
        "отчёт": 0.2313956657,
        "смочь": 0.2137029972,
        "услышать": 0.1745474961,
        "приложение": 0.1696120891,
        "уведомление": 0.166679133,
        "включить": 0.1600265268,
        "настройка": 0.1405204237,
        "общедоступный": 0.1070457057,
        "объявлять": 0.1070457057,
        "тестовый": 0.1070457057,
        "зачитываться": 0.1070457057,
        "развернуть": 0.1070457057,
        "зачитывание": 0.1070457057,
        "увидеть": 0.1068514986,
        "использовать": 0.0931081452,
        "заблокировать": 0.0920887972,
        "эксклюзивный": 0.0920887972,
        "опция": 0.0920887972,
        "вскоре": 0.0872737481,
        "наушник": 0.0872737481,
        "реализация": 0.0872737481,
        "реализовать": 0.0872737481,
        "наличие": 0.0872737481,
        "внедрение": 0.0872737481,
        "меню": 0.0833395665,
        "ответить": 0.0800132634,
        "нажать": 0.0800132634,
        "звук": 0.0800132634
    },
    "Глупые пользователи": {
        "чехол": 0.3011499479,
        "звук": 0.2553085127,
        "дура": 0.2047811723,
        "фото": 0.1883914435,
        "динамик": 0.165187734,
        "телефон": 0.1454964796,
        "машина": 0.1433429023,
        "мозг": 0.1426263092,
        "облако": 0.1426263092,
        "дать": 0.1365066802,
        "объяснить": 0.1288188839,
        "делать": 0.1137555668,
        "понимать": 0.1060026664,
        "воооот": 0.1023905862,
        "перекрывать": 0.1023905862,
        "ткань": 0.1023905862,
        "сволочь": 0.1023905862,
        "иииия": 0.1023905862,
        "думать": 0.099626172,
        "разбирать": 0.0973793531,
        "еле": 0.0950842061,
        "право": 0.0941957217,
        "мочь": 0.0933068671,
        "аудиокодек": 0.089900247,
        "дойти": 0.089900247,
        "вид": 0.0853163798,
        "женщина": 0.082593867,
        "смотреть": 0.0813046427,
        "время": 0.0810219881,
        "видеть": 0.0795019998
    },

    "критика": {
        "громоздкий": 0.2096942965,
        "невероятно": 0.197826648,
        "павел": 0.1811001369,
        "дуров": 0.1811001369,
        "камера": 0.1643148641,
        "включать": 0.1600272251,
        "модель": 0.1527304051,
        "год": 0.1429397187,
        "корпус": 0.1256675147,
        "продажа": 0.1190529551,
        "авторитетный": 0.1132104038,
        "усовершенствовать": 0.1132104038,
        "неудивительный": 0.1132104038,
        "софтверный": 0.1132104038,
        "закруглить": 0.1132104038,
        "отличать": 0.1132104038,
        "раздутый": 0.1132104038,
        "плоский": 0.1048471483,
        "площадь": 0.1048471483,
        "соотношение": 0.1048471483,
        "выемка": 0.1048471483,
        "обрушиться": 0.1048471483,
        "ощущаться": 0.1048471483,
        "боковой": 0.1048471483,
        "выразить": 0.098913324,
        "пресловутый": 0.098913324,
        "сохраниться": 0.098913324,
        "прочный": 0.098913324,
        "грань": 0.098913324,
        "ужасный": 0.098913324
    },
    "ремонт": {
        "сенсор": 0.3224926311,
        "подсветка": 0.2396925788,
        "пользоваться": 0.233741651,
        "просесть": 0.1296480403,
        "микрохема": 0.1296480403,
        "мигать": 0.1296480403,
        "накидывать": 0.1296480403,
        "яблолюба": 0.1296480403,
        "безопасный": 0.1296480403,
        "липа": 0.1296480403,
        "тачкрин": 0.1296480403,
        "развеять": 0.1296480403,
        "пилить": 0.1296480403,
        "пролежать": 0.1296480403,
        "некрофилия": 0.1296480403,
        "треснуть": 0.1198462894,
        "облачный": 0.1198462894,
        "выдержать": 0.1198462894,
        "хранилище": 0.1198462894,
        "сместиться": 0.1198462894,
        "прах": 0.1198462894,
        "зажраться": 0.1198462894,
        "поднимать": 0.1198462894,
        "облако": 0.1198462894,
        "ещё": 0.1156819346,
        "чуть": 0.1128918365,
        "край": 0.1128918365,
        "вторичный": 0.1128918365,
        "накатывать": 0.1128918365,
        "море": 0.1128918365
    }
}